service_id,date,exception_type
1,20250418,2
1,20250421,2
1,20250501,2
1,20250508,2
2,20250307,2
2,20250314,2
2,20250321,2
2,20250328,2
2,20250404,2
2,20250411,2
2,20250416,2
2,20250418,2
2,20250421,2
2,20250425,2
2,20250430,2
2,20250501,2
2,20250507,2
2,20250508,2
2,20250516,2
2,20250523,2
2,20250530,2
2,20250606,2
2,20250613,2
2,20250620,2
2,20250627,2
4,20250418,2
4,20250421,2
4,20250501,2
4,20250508,2
5,20250418,2
5,20250421,2
7,20250417,2
7,20250418,2
7,20250421,2
7,20250501,2
7,20250508,2
8,20250310,2
8,20250311,2
8,20250312,2
8,20250313,2
8,20250314,2
8,20250418,2
8,20250421,2
8,20250501,2
8,20250508,2
9,20250310,2
9,20250311,2
9,20250312,2
9,20250313,2
9,20250314,2
9,20250418,2
9,20250421,2
9,20250501,2
9,20250508,2
10,20250307,2
11,20250311,2
11,20250312,2
11,20250418,2
11,20250421,2
11,20250501,2
11,20250508,2
13,20250325,2
13,20250326,2
13,20250327,2
13,20250328,2
13,20250331,2
13,20250401,2
13,20250402,2
13,20250403,2
13,20250404,2
13,20250407,2
13,20250418,2
13,20250421,2
13,20250501,2
13,20250508,2
14,20250307,2
14,20250314,2
14,20250321,2
14,20250325,2
14,20250326,2
14,20250327,2
14,20250328,2
14,20250331,2
14,20250401,2
14,20250402,2
14,20250403,2
14,20250404,2
14,20250407,2
14,20250411,2
14,20250417,2
14,20250418,2
14,20250421,2
14,20250425,2
14,20250430,2
14,20250501,2
14,20250502,2
14,20250507,2
14,20250508,2
14,20250509,2
14,20250516,2
14,20250523,2
14,20250530,2
14,20250606,2
14,20250613,2
14,20250620,2
14,20250627,2
15,20250325,2
15,20250326,2
15,20250327,2
15,20250328,2
15,20250331,2
15,20250401,2
15,20250402,2
15,20250403,2
15,20250404,2
15,20250407,2
15,20250418,2
15,20250421,2
15,20250501,2
15,20250508,2
16,20250325,2
16,20250326,2
16,20250327,2
16,20250328,2
16,20250331,2
16,20250401,2
16,20250402,2
16,20250403,2
16,20250404,2
16,20250407,2
16,20250418,2
16,20250421,2
16,20250501,2
16,20250508,2
17,20250314,2
17,20250317,2
17,20250318,2
17,20250319,2
17,20250320,2
17,20250321,2
17,20250324,2
17,20250325,2
17,20250326,2
17,20250327,2
17,20250328,2
17,20250418,2
17,20250421,2
17,20250501,2
17,20250508,2
18,20250307,2
18,20250314,2
18,20250321,2
18,20250328,2
18,20250404,2
18,20250411,2
18,20250417,2
18,20250418,2
18,20250421,2
18,20250425,2
18,20250430,2
18,20250501,2
18,20250502,2
18,20250507,2
18,20250508,2
18,20250509,2
18,20250516,2
18,20250523,2
18,20250530,2
18,20250606,2
18,20250613,2
18,20250620,2
18,20250627,2
19,20250304,2
19,20250305,2
19,20250306,2
19,20250307,2
19,20250311,2
19,20250312,2
19,20250313,2
19,20250314,2
19,20250318,2
19,20250319,2
19,20250320,2
19,20250321,2
19,20250325,2
19,20250326,2
19,20250327,2
19,20250328,2
19,20250401,2
19,20250402,2
19,20250403,2
19,20250404,2
19,20250408,2
19,20250409,2
19,20250410,2
19,20250411,2
19,20250415,2
19,20250416,2
19,20250417,2
19,20250418,2
19,20250421,2
19,20250423,2
19,20250424,2
19,20250425,2
19,20250429,2
19,20250430,2
19,20250501,2
19,20250506,2
19,20250507,2
19,20250508,2
19,20250513,2
19,20250514,2
19,20250515,2
19,20250516,2
19,20250520,2
19,20250521,2
19,20250522,2
19,20250523,2
19,20250527,2
19,20250528,2
19,20250529,2
19,20250530,2
19,20250603,2
19,20250604,2
19,20250605,2
19,20250606,2
19,20250610,2
19,20250611,2
19,20250612,2
19,20250613,2
19,20250617,2
19,20250618,2
19,20250619,2
19,20250620,2
19,20250624,2
19,20250625,2
19,20250626,2
19,20250627,2
21,20250418,2
21,20250421,2
21,20250501,2
21,20250508,2
22,20250307,2
22,20250314,2
22,20250321,2
22,20250328,2
23,20250304,2
23,20250305,2
23,20250306,2
23,20250307,2
23,20250311,2
23,20250312,2
23,20250313,2
23,20250314,2
23,20250318,2
23,20250319,2
23,20250320,2
23,20250321,2
23,20250325,2
23,20250326,2
23,20250327,2
23,20250328,2
23,20250401,2
23,20250402,2
23,20250403,2
23,20250404,2
23,20250408,2
23,20250409,2
23,20250410,2
23,20250411,2
23,20250415,2
23,20250416,2
23,20250417,2
23,20250418,2
23,20250421,2
23,20250423,2
23,20250424,2
23,20250425,2
23,20250429,2
23,20250430,2
23,20250501,2
23,20250506,2
23,20250507,2
23,20250508,2
23,20250513,2
23,20250514,2
23,20250515,2
23,20250516,2
23,20250520,2
23,20250521,2
23,20250522,2
23,20250523,2
24,20250307,2
24,20250314,2
24,20250321,2
24,20250328,2
24,20250404,2
24,20250411,2
24,20250417,2
24,20250418,2
24,20250421,2
24,20250425,2
24,20250430,2
24,20250501,2
24,20250502,2
24,20250507,2
24,20250508,2
24,20250509,2
24,20250516,2
24,20250523,2
25,20250304,2
25,20250305,2
25,20250306,2
25,20250307,2
25,20250311,2
25,20250312,2
25,20250313,2
25,20250314,2
25,20250318,2
25,20250319,2
25,20250320,2
25,20250321,2
25,20250325,2
25,20250326,2
25,20250327,2
25,20250328,2
27,20250418,2
27,20250421,2
27,20250501,2
27,20250508,2
27,20250529,2
27,20250609,2
27,20250619,2
28,20250311,2
28,20250312,2
28,20250418,2
28,20250421,2
28,20250501,2
28,20250508,2
30,20250304,2
30,20250306,2
30,20250317,2
30,20250418,2
30,20250421,2
30,20250501,2
30,20250508,2
31,20250304,2
31,20250306,2
31,20250307,2
31,20250314,2
31,20250317,2
31,20250321,2
31,20250328,2
31,20250404,2
31,20250411,2
31,20250417,2
31,20250418,2
31,20250421,2
31,20250425,2
31,20250430,2
31,20250501,2
31,20250502,2
31,20250507,2
31,20250508,2
31,20250509,2
31,20250516,2
31,20250523,2
31,20250530,2
31,20250606,2
31,20250613,2
31,20250620,2
31,20250627,2
32,20250310,2
32,20250311,2
32,20250312,2
32,20250313,2
32,20250314,2
32,20250328,2
32,20250403,2
32,20250418,2
32,20250421,2
32,20250501,2
32,20250508,2
33,20250307,2
33,20250310,2
33,20250311,2
33,20250312,2
33,20250313,2
33,20250314,2
33,20250321,2
33,20250328,2
33,20250403,2
33,20250404,2
33,20250411,2
33,20250417,2
33,20250418,2
33,20250421,2
33,20250425,2
33,20250430,2
33,20250501,2
33,20250502,2
33,20250507,2
33,20250508,2
33,20250509,2
33,20250516,2
33,20250523,2
33,20250530,2
33,20250606,2
33,20250613,2
33,20250620,2
33,20250627,2
34,20250310,2
34,20250311,2
34,20250312,2
34,20250313,2
34,20250314,2
34,20250328,2
34,20250403,2
34,20250418,2
34,20250421,2
34,20250501,2
34,20250508,2
35,20250307,2
35,20250310,2
35,20250311,2
35,20250312,2
35,20250313,2
35,20250314,2
35,20250321,2
35,20250328,2
35,20250403,2
35,20250404,2
35,20250411,2
35,20250417,2
35,20250418,2
35,20250421,2
35,20250425,2
35,20250501,2
35,20250502,2
35,20250508,2
35,20250509,2
35,20250516,2
35,20250523,2
35,20250530,2
35,20250606,2
35,20250613,2
35,20250620,2
35,20250627,2
36,20250325,2
36,20250326,2
36,20250327,2
36,20250328,2
36,20250331,2
36,20250401,2
36,20250402,2
36,20250403,2
36,20250404,2
36,20250418,2
36,20250421,2
36,20250501,2
36,20250508,2
37,20250324,2
37,20250325,2
37,20250326,2
37,20250327,2
37,20250328,2
37,20250418,2
37,20250421,2
37,20250501,2
37,20250508,2
41,20250304,2
41,20250305,2
41,20250306,2
41,20250311,2
41,20250312,2
41,20250313,2
41,20250318,2
41,20250319,2
41,20250320,2
41,20250325,2
41,20250326,2
41,20250327,2
41,20250401,2
41,20250402,2
41,20250403,2
41,20250408,2
41,20250409,2
41,20250410,2
41,20250415,2
41,20250416,2
41,20250417,2
41,20250418,2
41,20250421,2
41,20250422,2
41,20250423,2
41,20250424,2
41,20250429,2
41,20250430,2
41,20250501,2
41,20250506,2
41,20250507,2
41,20250508,2
41,20250513,2
41,20250514,2
41,20250515,2
41,20250520,2
41,20250521,2
41,20250522,2
41,20250527,2
41,20250528,2
41,20250529,2
41,20250603,2
41,20250604,2
41,20250605,2
41,20250610,2
41,20250611,2
41,20250612,2
41,20250617,2
41,20250618,2
41,20250619,2
41,20250624,2
41,20250625,2
41,20250626,2
44,20250401,2
44,20250402,2
44,20250403,2
44,20250404,2
44,20250407,2
44,20250408,2
44,20250409,2
44,20250410,2
44,20250411,2
44,20250414,2
44,20250415,2
44,20250416,2
44,20250417,2
44,20250418,2
44,20250421,2
44,20250422,2
44,20250423,2
44,20250424,2
44,20250425,2
44,20250428,2
44,20250429,2
44,20250430,2
44,20250501,2
44,20250502,2
44,20250505,2
44,20250506,2
44,20250507,2
44,20250508,2
44,20250509,2
44,20250512,2
44,20250513,2
44,20250514,2
44,20250515,2
44,20250516,2
44,20250519,2
44,20250520,2
44,20250521,2
44,20250522,2
44,20250523,2
44,20250526,2
44,20250527,2
44,20250528,2
44,20250529,2
44,20250530,2
45,20250417,2
45,20250418,2
45,20250421,2
45,20250501,2
45,20250508,2
46,20250307,2
46,20250314,2
46,20250321,2
46,20250328,2
46,20250404,2
46,20250411,2
46,20250416,2
46,20250417,2
46,20250418,2
46,20250421,2
46,20250425,2
46,20250430,2
46,20250501,2
46,20250507,2
46,20250508,2
46,20250516,2
46,20250523,2
46,20250530,2
46,20250606,2
46,20250613,2
46,20250620,2
47,20250418,2
47,20250421,2
47,20250501,2
47,20250502,2
47,20250508,2
48,20250417,2
48,20250418,2
48,20250421,2
48,20250501,2
48,20250502,2
48,20250508,2
49,20250417,2
49,20250418,2
49,20250421,2
49,20250501,2
49,20250502,2
49,20250508,2
49,20250509,2
50,20250307,2
50,20250314,2
50,20250321,2
50,20250328,2
50,20250404,2
50,20250411,2
50,20250417,2
50,20250418,2
50,20250421,2
50,20250425,2
50,20250430,2
50,20250501,2
50,20250502,2
50,20250507,2
50,20250508,2
50,20250509,2
50,20250516,2
50,20250523,2
50,20250530,2
50,20250606,2
50,20250613,2
50,20250620,2
51,20250304,2
51,20250305,2
51,20250306,2
51,20250311,2
51,20250312,2
51,20250313,2
51,20250318,2
51,20250319,2
51,20250320,2
51,20250325,2
51,20250326,2
51,20250327,2
51,20250401,2
51,20250402,2
51,20250403,2
51,20250408,2
51,20250409,2
51,20250410,2
51,20250415,2
51,20250416,2
51,20250417,2
51,20250418,2
51,20250421,2
51,20250422,2
51,20250423,2
51,20250424,2
51,20250429,2
51,20250430,2
51,20250501,2
51,20250506,2
51,20250507,2
51,20250508,2
51,20250513,2
51,20250514,2
51,20250515,2
51,20250520,2
51,20250521,2
51,20250522,2
51,20250527,2
51,20250528,2
51,20250529,2
51,20250603,2
51,20250604,2
51,20250605,2
51,20250610,2
51,20250611,2
51,20250612,2
51,20250617,2
51,20250618,2
51,20250619,2
51,20250624,2
51,20250625,2
51,20250626,2
52,20250307,2
52,20250314,2
52,20250321,2
52,20250328,2
52,20250404,2
52,20250411,2
52,20250416,2
52,20250418,2
52,20250421,2
52,20250425,2
52,20250501,2
52,20250502,2
52,20250508,2
52,20250509,2
52,20250516,2
52,20250523,2
52,20250530,2
52,20250606,2
52,20250613,2
52,20250620,2
53,20250417,2
53,20250418,2
53,20250421,2
53,20250501,2
54,20250418,2
54,20250421,2
54,20250501,2
56,20250417,2
56,20250418,2
56,20250421,2
57,20250417,2
57,20250418,2
57,20250421,2
57,20250501,2
57,20250508,2
58,20250307,2
58,20250314,2
58,20250321,2
58,20250328,2
58,20250404,2
58,20250411,2
58,20250417,2
58,20250418,2
58,20250421,2
58,20250425,2
59,20250310,2
59,20250311,2
59,20250312,2
59,20250313,2
59,20250314,2
59,20250317,2
59,20250318,2
59,20250319,2
59,20250320,2
59,20250321,2
59,20250324,2
59,20250325,2
59,20250326,2
59,20250327,2
59,20250328,2
59,20250331,2
59,20250401,2
59,20250402,2
59,20250403,2
59,20250404,2
59,20250407,2
59,20250408,2
59,20250409,2
59,20250410,2
59,20250411,2
59,20250414,2
59,20250415,2
59,20250416,2
59,20250418,2
59,20250421,2
59,20250422,2
59,20250423,2
59,20250424,2
59,20250425,2
59,20250428,2
59,20250429,2
59,20250430,2
59,20250501,2
59,20250502,2
59,20250505,2
59,20250506,2
59,20250507,2
59,20250508,2
59,20250509,2
59,20250512,2
59,20250513,2
59,20250514,2
59,20250515,2
59,20250516,2
59,20250519,2
59,20250520,2
59,20250521,2
59,20250522,2
59,20250523,2
59,20250526,2
59,20250527,2
59,20250528,2
59,20250529,2
59,20250530,2
59,20250602,2
59,20250603,2
59,20250604,2
59,20250605,2
59,20250606,2
59,20250609,2
59,20250610,2
59,20250611,2
59,20250612,2
59,20250613,2
59,20250616,2
59,20250617,2
59,20250618,2
59,20250619,2
59,20250620,2
59,20250623,2
59,20250624,2
59,20250625,2
59,20250626,2
59,20250627,2
60,20250307,2
60,20250314,2
60,20250321,2
60,20250328,2
60,20250404,2
61,20250304,2
61,20250306,2
61,20250311,2
61,20250313,2
61,20250318,2
61,20250320,2
61,20250325,2
61,20250327,2
61,20250401,2
61,20250403,2
61,20250408,2
61,20250410,2
61,20250415,2
61,20250417,2
61,20250418,2
61,20250421,2
61,20250422,2
61,20250424,2
61,20250429,2
61,20250501,2
61,20250506,2
61,20250508,2
61,20250513,2
61,20250515,2
61,20250520,2
61,20250522,2
61,20250527,2
61,20250529,2
61,20250603,2
61,20250605,2
61,20250610,2
61,20250612,2
61,20250617,2
61,20250619,2
61,20250624,2
61,20250626,2
62,20250418,2
62,20250421,2
62,20250501,2
62,20250508,2
63,20250418,2
63,20250421,2
63,20250501,2
63,20250508,2
64,20250305,2
65,20250310,2
65,20250317,2
65,20250324,2
65,20250331,2
65,20250407,2
65,20250414,2
65,20250418,2
65,20250421,2
65,20250422,2
65,20250428,2
65,20250501,2
65,20250502,2
65,20250505,2
65,20250508,2
65,20250509,2
65,20250512,2
65,20250519,2
65,20250526,2
65,20250602,2
65,20250609,2
65,20250616,2
65,20250623,2
66,20250310,2
66,20250317,2
66,20250324,2
66,20250331,2
66,20250407,2
66,20250414,2
66,20250418,2
66,20250421,2
66,20250422,2
66,20250428,2
66,20250501,2
66,20250502,2
66,20250505,2
66,20250508,2
66,20250509,2
66,20250512,2
66,20250519,2
66,20250526,2
67,20250310,2
67,20250317,2
67,20250324,2
68,20250305,2
68,20250307,2
68,20250310,2
68,20250311,2
68,20250312,2
68,20250313,2
68,20250314,2
69,20250307,2
69,20250310,2
69,20250314,2
69,20250317,2
69,20250321,2
69,20250324,2
69,20250328,2
69,20250331,2
69,20250404,2
69,20250407,2
69,20250411,2
69,20250414,2
69,20250417,2
69,20250418,2
69,20250421,2
69,20250425,2
69,20250428,2
69,20250501,2
69,20250502,2
69,20250505,2
69,20250508,2
69,20250509,2
69,20250512,2
69,20250516,2
69,20250519,2
69,20250523,2
69,20250526,2
69,20250530,2
69,20250602,2
69,20250606,2
69,20250609,2
69,20250613,2
69,20250616,2
69,20250620,2
69,20250623,2
70,20250307,2
70,20250310,2
70,20250314,2
70,20250317,2
70,20250321,2
70,20250324,2
70,20250328,2
70,20250331,2
70,20250404,2
70,20250407,2
70,20250411,2
70,20250414,2
70,20250418,2
70,20250421,2
70,20250425,2
70,20250428,2
70,20250501,2
70,20250502,2
70,20250505,2
70,20250508,2
70,20250509,2
70,20250512,2
70,20250516,2
70,20250519,2
70,20250523,2
70,20250526,2
70,20250530,2
70,20250602,2
70,20250606,2
70,20250609,2
70,20250613,2
70,20250616,2
70,20250620,2
70,20250623,2
71,20250417,2
71,20250418,2
71,20250421,2
71,20250501,2
71,20250508,2
72,20250305,2
72,20250307,2
72,20250310,2
72,20250312,2
72,20250314,2
72,20250317,2
72,20250319,2
72,20250321,2
72,20250324,2
72,20250326,2
72,20250328,2
72,20250331,2
72,20250402,2
72,20250404,2
72,20250407,2
72,20250409,2
72,20250411,2
72,20250414,2
72,20250416,2
72,20250418,2
72,20250421,2
72,20250423,2
72,20250425,2
72,20250428,2
72,20250430,2
72,20250501,2
72,20250502,2
72,20250505,2
72,20250507,2
72,20250508,2
72,20250509,2
72,20250512,2
72,20250514,2
72,20250516,2
72,20250519,2
72,20250521,2
72,20250523,2
72,20250526,2
72,20250528,2
72,20250530,2
72,20250602,2
72,20250604,2
72,20250606,2
72,20250609,2
72,20250611,2
72,20250613,2
72,20250616,2
72,20250618,2
72,20250620,2
72,20250623,2
72,20250625,2
74,20250417,2
74,20250418,2
74,20250421,2
74,20250501,2
75,20250310,2
75,20250311,2
75,20250312,2
75,20250317,2
75,20250318,2
75,20250319,2
75,20250324,2
75,20250325,2
75,20250326,2
75,20250327,2
75,20250328,2
75,20250331,2
75,20250401,2
75,20250402,2
75,20250403,2
75,20250404,2
75,20250407,2
75,20250408,2
75,20250409,2
75,20250414,2
75,20250415,2
75,20250418,2
75,20250421,2
75,20250422,2
75,20250423,2
75,20250428,2
75,20250429,2
75,20250430,2
75,20250501,2
75,20250505,2
75,20250506,2
75,20250507,2
75,20250508,2
75,20250512,2
75,20250513,2
75,20250514,2
75,20250519,2
75,20250520,2
75,20250521,2
75,20250526,2
75,20250527,2
75,20250528,2
76,20250310,2
76,20250311,2
76,20250312,2
76,20250313,2
76,20250317,2
76,20250318,2
76,20250319,2
76,20250320,2
76,20250324,2
76,20250325,2
76,20250326,2
76,20250327,2
76,20250331,2
76,20250401,2
76,20250402,2
76,20250403,2
76,20250407,2
76,20250408,2
76,20250409,2
76,20250410,2
76,20250414,2
76,20250415,2
76,20250417,2
76,20250418,2
76,20250421,2
76,20250422,2
76,20250423,2
76,20250424,2
76,20250428,2
76,20250429,2
76,20250501,2
76,20250502,2
76,20250505,2
76,20250506,2
76,20250508,2
76,20250509,2
76,20250512,2
76,20250513,2
76,20250514,2
76,20250515,2
76,20250519,2
76,20250520,2
76,20250521,2
76,20250522,2
76,20250526,2
76,20250527,2
76,20250528,2
76,20250529,2
76,20250602,2
76,20250603,2
76,20250604,2
76,20250605,2
76,20250609,2
76,20250610,2
76,20250611,2
76,20250612,2
76,20250616,2
76,20250617,2
76,20250618,2
76,20250619,2
76,20250623,2
76,20250624,2
76,20250625,2
76,20250626,2
78,20250310,2
78,20250311,2
78,20250312,2
78,20250313,2
78,20250317,2
78,20250318,2
78,20250319,2
78,20250320,2
78,20250324,2
78,20250325,2
78,20250326,2
78,20250327,2
78,20250328,2
78,20250331,2
78,20250401,2
78,20250402,2
78,20250403,2
78,20250404,2
78,20250407,2
78,20250408,2
78,20250409,2
78,20250410,2
78,20250414,2
78,20250415,2
78,20250416,2
78,20250418,2
78,20250421,2
78,20250422,2
78,20250423,2
78,20250424,2
78,20250428,2
78,20250429,2
78,20250501,2
78,20250505,2
78,20250506,2
78,20250508,2
78,20250512,2
78,20250513,2
78,20250514,2
78,20250515,2
78,20250519,2
78,20250520,2
78,20250521,2
78,20250522,2
78,20250526,2
78,20250527,2
78,20250528,2
78,20250529,2
78,20250602,2
78,20250603,2
78,20250604,2
78,20250605,2
78,20250609,2
78,20250610,2
78,20250611,2
78,20250612,2
78,20250616,2
78,20250617,2
78,20250618,2
78,20250619,2
78,20250623,2
78,20250624,2
78,20250625,2
78,20250626,2
79,20250310,2
79,20250311,2
79,20250312,2
79,20250313,2
79,20250317,2
79,20250318,2
79,20250319,2
79,20250320,2
79,20250324,2
79,20250325,2
79,20250326,2
79,20250327,2
79,20250331,2
79,20250401,2
79,20250402,2
79,20250403,2
79,20250407,2
79,20250408,2
79,20250409,2
79,20250410,2
79,20250414,2
79,20250415,2
79,20250416,2
79,20250418,2
79,20250421,2
79,20250422,2
79,20250423,2
79,20250424,2
79,20250428,2
79,20250429,2
79,20250501,2
79,20250505,2
79,20250506,2
79,20250508,2
79,20250512,2
79,20250513,2
79,20250514,2
79,20250515,2
79,20250519,2
79,20250520,2
79,20250521,2
79,20250522,2
79,20250526,2
79,20250527,2
79,20250528,2
79,20250529,2
79,20250602,2
79,20250603,2
79,20250604,2
79,20250605,2
79,20250609,2
79,20250610,2
79,20250611,2
79,20250612,2
79,20250616,2
79,20250617,2
79,20250618,2
79,20250619,2
79,20250623,2
79,20250624,2
79,20250625,2
79,20250626,2
80,20250310,2
80,20250311,2
80,20250312,2
80,20250313,2
80,20250317,2
80,20250318,2
80,20250319,2
80,20250320,2
80,20250324,2
80,20250325,2
80,20250326,2
80,20250327,2
81,20250310,2
81,20250311,2
81,20250312,2
81,20250313,2
81,20250317,2
81,20250318,2
81,20250319,2
81,20250320,2
81,20250324,2
81,20250325,2
81,20250326,2
81,20250327,2
81,20250331,2
81,20250401,2
81,20250402,2
81,20250403,2
81,20250407,2
81,20250408,2
81,20250409,2
81,20250410,2
81,20250414,2
81,20250415,2
81,20250416,2
81,20250418,2
81,20250421,2
81,20250422,2
81,20250423,2
81,20250424,2
81,20250428,2
81,20250429,2
81,20250501,2
81,20250505,2
81,20250506,2
81,20250508,2
81,20250512,2
81,20250513,2
81,20250514,2
81,20250515,2
81,20250519,2
81,20250520,2
81,20250521,2
81,20250522,2
81,20250526,2
81,20250527,2
81,20250528,2
81,20250529,2
82,20250310,2
82,20250311,2
82,20250312,2
82,20250313,2
82,20250314,2
82,20250317,2
82,20250318,2
82,20250319,2
82,20250320,2
82,20250324,2
82,20250325,2
82,20250326,2
82,20250327,2
82,20250328,2
82,20250331,2
82,20250401,2
82,20250402,2
82,20250403,2
82,20250407,2
82,20250408,2
82,20250409,2
82,20250410,2
82,20250414,2
82,20250415,2
82,20250416,2
82,20250418,2
82,20250421,2
82,20250422,2
82,20250423,2
82,20250424,2
82,20250428,2
82,20250429,2
82,20250501,2
82,20250505,2
82,20250506,2
82,20250508,2
82,20250512,2
82,20250513,2
82,20250514,2
82,20250515,2
82,20250519,2
82,20250520,2
82,20250521,2
82,20250522,2
82,20250526,2
82,20250527,2
82,20250528,2
82,20250529,2
82,20250602,2
82,20250603,2
82,20250604,2
82,20250605,2
82,20250609,2
82,20250610,2
82,20250611,2
82,20250612,2
82,20250616,2
82,20250617,2
82,20250618,2
82,20250619,2
82,20250623,2
82,20250624,2
82,20250625,2
82,20250626,2
83,20250310,2
83,20250311,2
83,20250312,2
83,20250313,2
83,20250314,2
83,20250317,2
83,20250318,2
83,20250319,2
83,20250320,2
83,20250324,2
83,20250325,2
83,20250326,2
83,20250327,2
83,20250328,2
83,20250331,2
83,20250401,2
83,20250402,2
83,20250403,2
83,20250407,2
83,20250408,2
83,20250409,2
83,20250410,2
83,20250414,2
83,20250415,2
83,20250416,2
83,20250418,2
83,20250421,2
83,20250422,2
83,20250423,2
83,20250424,2
83,20250428,2
83,20250429,2
83,20250501,2
83,20250502,2
83,20250505,2
83,20250506,2
83,20250508,2
83,20250509,2
83,20250512,2
83,20250513,2
83,20250514,2
83,20250515,2
83,20250519,2
83,20250520,2
83,20250521,2
83,20250522,2
83,20250526,2
83,20250527,2
83,20250528,2
83,20250529,2
83,20250602,2
83,20250603,2
83,20250604,2
83,20250605,2
83,20250609,2
83,20250610,2
83,20250611,2
83,20250612,2
83,20250616,2
83,20250617,2
83,20250618,2
83,20250619,2
83,20250623,2
83,20250624,2
83,20250625,2
83,20250626,2
84,20250310,2
84,20250311,2
84,20250312,2
84,20250313,2
84,20250314,2
84,20250317,2
84,20250318,2
84,20250319,2
84,20250320,2
84,20250324,2
84,20250325,2
84,20250326,2
84,20250327,2
84,20250328,2
84,20250331,2
84,20250401,2
84,20250402,2
84,20250403,2
84,20250407,2
84,20250408,2
84,20250409,2
84,20250410,2
84,20250414,2
84,20250415,2
84,20250416,2
84,20250418,2
84,20250421,2
84,20250422,2
84,20250423,2
84,20250424,2
84,20250428,2
84,20250429,2
84,20250430,2
84,20250501,2
84,20250505,2
84,20250506,2
84,20250507,2
84,20250508,2
84,20250512,2
84,20250513,2
84,20250514,2
84,20250515,2
84,20250519,2
84,20250520,2
84,20250521,2
84,20250522,2
84,20250526,2
84,20250527,2
84,20250528,2
84,20250529,2
84,20250602,2
84,20250603,2
84,20250604,2
84,20250605,2
84,20250609,2
84,20250610,2
84,20250611,2
84,20250612,2
84,20250616,2
84,20250617,2
84,20250618,2
84,20250619,2
84,20250623,2
84,20250624,2
84,20250625,2
84,20250626,2
85,20250310,2
85,20250311,2
85,20250312,2
85,20250313,2
85,20250317,2
85,20250318,2
85,20250319,2
85,20250320,2
85,20250324,2
85,20250325,2
85,20250326,2
85,20250327,2
85,20250331,2
85,20250401,2
85,20250402,2
85,20250403,2
85,20250407,2
85,20250408,2
85,20250409,2
85,20250410,2
85,20250414,2
85,20250415,2
85,20250417,2
85,20250418,2
85,20250421,2
85,20250422,2
85,20250423,2
85,20250424,2
85,20250428,2
85,20250429,2
85,20250501,2
85,20250502,2
85,20250505,2
85,20250506,2
85,20250508,2
85,20250509,2
85,20250512,2
85,20250513,2
85,20250514,2
85,20250515,2
85,20250519,2
85,20250520,2
85,20250521,2
85,20250522,2
85,20250526,2
85,20250527,2
85,20250528,2
85,20250529,2
85,20250602,2
85,20250603,2
85,20250604,2
85,20250605,2
85,20250609,2
85,20250610,2
85,20250611,2
85,20250612,2
85,20250616,2
85,20250617,2
85,20250618,2
85,20250619,2
86,20250310,2
86,20250311,2
86,20250312,2
86,20250313,2
86,20250317,2
86,20250318,2
86,20250319,2
86,20250320,2
86,20250324,2
86,20250325,2
86,20250326,2
86,20250327,2
86,20250331,2
86,20250401,2
86,20250402,2
86,20250403,2
86,20250407,2
86,20250408,2
86,20250409,2
86,20250410,2
86,20250414,2
86,20250415,2
86,20250417,2
86,20250418,2
86,20250421,2
86,20250422,2
86,20250423,2
86,20250424,2
86,20250428,2
86,20250429,2
86,20250430,2
86,20250501,2
86,20250505,2
86,20250506,2
86,20250507,2
86,20250508,2
86,20250512,2
86,20250513,2
86,20250514,2
86,20250515,2
86,20250519,2
86,20250520,2
86,20250521,2
86,20250522,2
86,20250526,2
86,20250527,2
86,20250528,2
86,20250529,2
86,20250602,2
86,20250603,2
86,20250604,2
86,20250605,2
86,20250609,2
86,20250610,2
86,20250611,2
86,20250612,2
86,20250616,2
86,20250617,2
86,20250618,2
86,20250619,2
86,20250623,2
86,20250624,2
86,20250625,2
86,20250626,2
87,20250310,2
87,20250311,2
87,20250312,2
87,20250313,2
87,20250317,2
87,20250318,2
87,20250319,2
87,20250320,2
87,20250324,2
87,20250325,2
87,20250326,2
87,20250327,2
87,20250331,2
87,20250401,2
87,20250402,2
87,20250403,2
87,20250407,2
87,20250408,2
87,20250409,2
87,20250410,2
87,20250414,2
87,20250415,2
87,20250416,2
87,20250417,2
87,20250418,2
87,20250421,2
87,20250422,2
87,20250423,2
87,20250424,2
88,20250310,2
88,20250311,2
88,20250312,2
88,20250313,2
88,20250317,2
88,20250318,2
88,20250319,2
88,20250320,2
88,20250324,2
88,20250325,2
88,20250326,2
88,20250327,2
88,20250331,2
88,20250401,2
88,20250402,2
88,20250403,2
88,20250407,2
88,20250408,2
88,20250409,2
88,20250410,2
88,20250414,2
88,20250415,2
88,20250416,2
88,20250417,2
88,20250418,2
88,20250421,2
88,20250422,2
88,20250423,2
88,20250424,2
88,20250428,2
88,20250429,2
88,20250501,2
88,20250505,2
88,20250506,2
88,20250508,2
88,20250512,2
88,20250513,2
88,20250514,2
88,20250515,2
88,20250519,2
88,20250520,2
88,20250521,2
88,20250522,2
88,20250526,2
88,20250527,2
88,20250528,2
88,20250529,2
88,20250602,2
88,20250603,2
88,20250604,2
88,20250605,2
88,20250609,2
88,20250610,2
88,20250611,2
88,20250612,2
88,20250616,2
88,20250617,2
88,20250618,2
88,20250619,2
88,20250623,2
88,20250624,2
88,20250625,2
88,20250626,2
89,20250310,2
89,20250311,2
89,20250312,2
89,20250313,2
89,20250317,2
89,20250318,2
89,20250319,2
89,20250320,2
89,20250324,2
89,20250325,2
89,20250326,2
89,20250327,2
89,20250331,2
89,20250401,2
89,20250402,2
89,20250403,2
89,20250407,2
89,20250408,2
89,20250409,2
89,20250410,2
90,20250418,1
90,20250421,1
90,20250501,1
90,20250508,1
91,20250309,2
91,20250316,2
91,20250323,2
91,20250330,2
91,20250406,2
91,20250413,2
91,20250418,1
91,20250427,2
91,20250504,2
91,20250511,2
91,20250518,2
91,20250525,2
91,20250601,2
91,20250608,2
91,20250615,2
91,20250622,2
95,20250309,2
95,20250316,2
95,20250323,2
95,20250330,2
95,20250406,2
95,20250413,2
95,20250418,1
95,20250419,2
95,20250420,2
95,20250427,2
95,20250501,1
95,20250504,2
95,20250508,1
95,20250511,2
95,20250518,2
95,20250525,2
95,20250601,2
95,20250608,2
95,20250615,2
95,20250622,2
96,20250309,2
96,20250316,2
96,20250323,2
96,20250330,2
96,20250406,2
96,20250413,2
96,20250418,1
96,20250420,2
96,20250421,1
96,20250427,2
96,20250501,1
96,20250504,2
96,20250508,1
96,20250511,2
96,20250518,2
96,20250525,2
96,20250601,2
96,20250608,2
96,20250615,2
96,20250622,2
97,20250309,2
97,20250316,2
97,20250323,2
97,20250330,2
97,20250406,2
97,20250413,2
97,20250418,1
97,20250427,2
97,20250501,1
97,20250504,2
97,20250508,1
97,20250511,2
97,20250518,2
97,20250525,2
97,20250601,2
97,20250608,2
97,20250615,2
97,20250622,2
98,20250309,2
98,20250316,2
98,20250323,2
98,20250330,2
98,20250406,2
98,20250413,2
98,20250418,1
98,20250419,2
98,20250420,2
98,20250427,2
98,20250504,2
98,20250511,2
98,20250518,2
98,20250525,2
98,20250601,2
98,20250608,2
98,20250615,2
98,20250622,2
99,20250322,2
99,20250329,2
99,20250330,2
99,20250405,2
99,20250406,2
99,20250418,1
99,20250421,1
99,20250501,1
99,20250508,1
100,20250309,2
100,20250316,2
100,20250322,2
100,20250323,2
100,20250329,2
100,20250330,2
100,20250405,2
100,20250406,2
100,20250413,2
100,20250418,1
100,20250419,2
100,20250420,2
100,20250427,2
100,20250504,2
100,20250511,2
100,20250518,2
100,20250525,2
100,20250601,2
100,20250608,2
100,20250615,2
100,20250622,2
101,20250309,2
101,20250316,2
101,20250322,2
101,20250323,2
101,20250329,2
101,20250330,2
101,20250405,2
101,20250406,2
101,20250413,2
101,20250418,1
101,20250419,2
101,20250420,2
101,20250427,2
101,20250501,1
101,20250504,2
101,20250508,1
101,20250511,2
101,20250518,2
101,20250525,2
101,20250601,2
101,20250608,2
101,20250615,2
101,20250622,2
102,20250315,2
102,20250316,2
102,20250322,2
102,20250323,2
102,20250329,2
102,20250330,2
102,20250418,1
102,20250421,1
102,20250501,1
102,20250508,1
103,20250309,2
103,20250316,2
103,20250323,2
103,20250329,2
103,20250330,2
103,20250405,2
103,20250406,2
103,20250413,2
103,20250418,1
103,20250419,2
103,20250420,2
103,20250427,2
103,20250501,1
103,20250504,2
103,20250508,1
103,20250511,2
103,20250518,2
103,20250525,2
103,20250601,2
103,20250608,2
103,20250615,2
103,20250622,2
104,20250329,2
104,20250330,2
104,20250405,2
104,20250406,2
104,20250418,1
104,20250421,1
104,20250501,1
104,20250508,1
106,20250412,2
106,20250419,2
106,20250420,2
106,20250421,1
106,20250426,2
106,20250503,2
106,20250510,2
106,20250517,2
106,20250524,2
107,20250309,2
107,20250316,2
107,20250323,2
107,20250330,2
107,20250406,2
107,20250413,2
107,20250418,1
107,20250427,2
107,20250504,2
107,20250511,2
107,20250518,2
107,20250525,2
108,20250309,2
108,20250316,2
108,20250323,2
109,20250418,1
109,20250421,1
109,20250501,1
109,20250508,1
110,20250316,2
110,20250418,1
110,20250421,1
110,20250501,1
110,20250508,1
111,20250309,2
111,20250316,2
111,20250323,2
111,20250330,2
112,20250309,2
112,20250315,2
112,20250316,2
112,20250323,2
112,20250330,2
112,20250406,2
112,20250413,2
112,20250418,1
112,20250427,2
112,20250504,2
112,20250511,2
112,20250518,2
112,20250525,2
114,20250309,2
115,20250329,2
115,20250405,2
115,20250412,2
115,20250419,2
115,20250420,2
115,20250421,1
115,20250426,2
115,20250503,2
115,20250510,2
115,20250517,2
115,20250524,2
115,20250531,2
115,20250607,2
115,20250614,2
115,20250621,2
115,20250628,2
116,20250309,2
116,20250316,2
116,20250323,2
116,20250330,2
116,20250406,2
116,20250413,2
116,20250418,1
116,20250420,2
116,20250427,2
116,20250504,2
116,20250508,1
116,20250511,2
116,20250518,2
116,20250525,2
116,20250601,2
116,20250608,2
116,20250615,2
116,20250622,2
117,20250309,2
117,20250316,2
117,20250323,2
117,20250330,2
117,20250406,2
117,20250413,2
117,20250418,1
117,20250427,2
117,20250501,1
117,20250504,2
117,20250508,1
117,20250511,2
117,20250518,2
117,20250525,2
117,20250601,2
117,20250608,2
117,20250615,2
117,20250622,2
118,20250316,2
118,20250418,1
118,20250421,1
118,20250501,1
118,20250508,1
119,20250309,2
119,20250315,2
119,20250316,2
119,20250322,2
119,20250323,2
119,20250329,2
119,20250330,2
119,20250406,2
119,20250413,2
119,20250420,2
119,20250427,2
119,20250504,2
119,20250511,2
119,20250518,2
119,20250525,2
119,20250601,2
119,20250608,2
119,20250615,2
119,20250622,2
120,20250315,2
120,20250316,2
120,20250322,2
120,20250323,2
120,20250418,1
120,20250421,1
120,20250501,1
120,20250508,1
121,20250309,2
121,20250315,2
121,20250316,2
121,20250322,2
121,20250323,2
121,20250330,2
121,20250406,2
121,20250413,2
121,20250418,1
121,20250427,2
121,20250504,2
121,20250511,2
121,20250518,2
121,20250525,2
121,20250601,2
121,20250608,2
121,20250615,2
121,20250622,2
122,20250309,2
122,20250315,2
122,20250316,2
122,20250322,2
122,20250323,2
122,20250330,2
122,20250406,2
122,20250413,2
122,20250418,1
122,20250419,2
122,20250420,2
122,20250427,2
122,20250501,1
122,20250504,2
122,20250508,1
122,20250511,2
122,20250518,2
122,20250525,2
122,20250601,2
122,20250608,2
122,20250615,2
122,20250622,2
123,20250329,2
123,20250330,2
123,20250418,1
123,20250421,1
123,20250501,1
123,20250508,1
124,20250309,2
124,20250316,2
124,20250323,2
124,20250329,2
124,20250330,2
124,20250406,2
124,20250413,2
124,20250418,1
124,20250419,2
124,20250420,2
124,20250427,2
124,20250504,2
124,20250511,2
124,20250518,2
124,20250525,2
124,20250601,2
124,20250608,2
124,20250615,2
124,20250622,2
125,20250309,2
125,20250316,2
125,20250323,2
125,20250329,2
125,20250330,2
125,20250406,2
125,20250413,2
125,20250418,1
125,20250427,2
125,20250504,2
125,20250511,2
125,20250518,2
125,20250525,2
125,20250601,2
125,20250608,2
125,20250615,2
125,20250622,2
126,20250309,2
126,20250316,2
126,20250323,2
126,20250329,2
126,20250330,2
126,20250405,2
126,20250406,2
126,20250413,2
126,20250418,1
126,20250419,2
126,20250420,2
126,20250427,2
126,20250504,2
126,20250511,2
126,20250518,2
126,20250525,2
126,20250601,2
126,20250608,2
126,20250615,2
126,20250622,2
127,20250309,2
127,20250316,2
127,20250323,2
127,20250330,2
127,20250406,2
127,20250413,2
127,20250418,1
127,20250420,2
127,20250427,2
127,20250504,2
127,20250511,2
127,20250518,2
127,20250525,2
127,20250601,2
127,20250608,2
127,20250615,2
127,20250622,2
128,20250418,1
129,20250309,2
129,20250316,2
129,20250323,2
129,20250329,2
129,20250330,2
129,20250405,2
129,20250406,2
129,20250413,2
129,20250418,1
129,20250427,2
129,20250501,1
129,20250504,2
129,20250508,1
129,20250511,2
129,20250518,2
129,20250525,2
130,20250329,2
130,20250330,2
130,20250405,2
130,20250406,2
130,20250418,1
130,20250421,1
130,20250501,1
130,20250508,1
132,20250309,2
132,20250316,2
132,20250323,2
132,20250330,2
132,20250406,2
132,20250413,2
132,20250420,2
132,20250427,2
132,20250504,2
132,20250511,2
132,20250518,2
132,20250525,2
132,20250601,2
132,20250608,2
132,20250615,2
132,20250622,2
134,20250309,2
134,20250316,2
134,20250323,2
134,20250330,2
134,20250406,2
134,20250413,2
134,20250418,1
134,20250420,2
134,20250427,2
134,20250501,1
134,20250504,2
134,20250508,1
134,20250511,2
134,20250518,2
134,20250525,2
134,20250601,2
134,20250608,2
134,20250615,2
134,20250622,2
135,20250309,2
135,20250316,2
136,20250309,2
136,20250316,2
136,20250323,2
136,20250330,2
136,20250405,2
136,20250406,2
136,20250412,2
136,20250413,2
136,20250419,2
136,20250420,2
136,20250426,2
136,20250427,2
136,20250503,2
136,20250504,2
136,20250510,2
136,20250511,2
136,20250517,2
136,20250518,2
136,20250524,2
136,20250525,2
136,20250531,2
136,20250601,2
136,20250608,2
136,20250615,2
136,20250622,2
137,20250309,2
137,20250316,2
137,20250323,2
137,20250330,2
137,20250406,2
137,20250413,2
137,20250427,2
137,20250504,2
137,20250511,2
137,20250518,2
137,20250525,2
137,20250601,2
137,20250608,2
137,20250615,2
137,20250622,2
138,20250309,2
138,20250316,2
138,20250323,2
138,20250330,2
138,20250406,2
138,20250413,2
138,20250419,2
138,20250420,2
138,20250427,2
138,20250503,2
138,20250504,2
138,20250511,2
138,20250518,2
138,20250525,2
138,20250601,2
138,20250608,2
138,20250615,2
138,20250622,2
139,20250309,2
139,20250316,2
139,20250323,2
139,20250330,2
139,20250406,2
141,20250309,2
141,20250316,2
141,20250323,2
141,20250330,2
141,20250406,2
141,20250413,2
141,20250419,2
141,20250420,2
141,20250427,2
141,20250504,2
141,20250511,2
141,20250518,2
141,20250525,2
141,20250601,2
141,20250608,2
141,20250615,2
141,20250622,2
142,20250420,2
143,20250418,1
143,20250501,1
144,20250418,1
144,20250421,1
145,20250418,1
145,20250501,1
146,20250309,2
146,20250316,2
146,20250323,2
146,20250330,2
146,20250406,2
146,20250418,1
146,20250427,2
146,20250501,1
146,20250504,2
146,20250508,1
146,20250511,2
146,20250518,2
146,20250525,2
146,20250601,2
146,20250608,2
146,20250615,2
146,20250622,2
147,20250418,1
147,20250421,1
147,20250501,1
147,20250508,1
148,20250418,1
148,20250421,1
148,20250501,1
149,20250315,2
149,20250322,2
149,20250329,2
149,20250405,2
149,20250412,2
149,20250419,2
149,20250420,2
149,20250421,1
149,20250426,2
149,20250501,1
149,20250503,2
149,20250508,1
149,20250510,2
149,20250517,2
149,20250524,2
149,20250531,2
149,20250607,2
149,20250614,2
149,20250621,2
149,20250628,2
150,20250315,2
150,20250322,2
150,20250329,2
150,20250405,2
150,20250412,2
150,20250421,1
150,20250426,2
150,20250503,2
150,20250510,2
150,20250517,2
150,20250524,2
150,20250531,2
150,20250607,2
150,20250614,2
150,20250621,2
150,20250628,2
151,20250315,2
151,20250322,2
151,20250329,2
151,20250405,2
151,20250412,2
151,20250419,2
151,20250420,2
151,20250421,1
151,20250426,2
151,20250503,2
151,20250510,2
151,20250517,2
151,20250524,2
151,20250531,2
151,20250607,2
151,20250614,2
151,20250621,2
152,20250315,2
152,20250322,2
152,20250329,2
152,20250405,2
152,20250412,2
152,20250419,2
152,20250420,2
152,20250421,1
152,20250426,2
152,20250503,2
152,20250510,2
152,20250517,2
152,20250524,2
152,20250531,2
152,20250607,2
152,20250614,2
152,20250621,2
152,20250628,2
153,20250315,2
153,20250322,2
153,20250329,2
153,20250330,2
153,20250405,2
153,20250406,2
153,20250412,2
153,20250419,2
153,20250420,2
153,20250421,1
153,20250426,2
153,20250503,2
153,20250510,2
153,20250517,2
153,20250524,2
153,20250531,2
153,20250607,2
153,20250614,2
153,20250621,2
153,20250628,2
154,20250315,2
154,20250322,2
154,20250329,2
154,20250330,2
154,20250405,2
154,20250406,2
154,20250412,2
154,20250421,1
154,20250426,2
154,20250503,2
154,20250510,2
154,20250517,2
154,20250524,2
154,20250531,2
154,20250607,2
154,20250614,2
154,20250621,2
154,20250628,2
155,20250315,2
155,20250322,2
155,20250418,1
155,20250421,1
155,20250501,1
155,20250508,1
156,20250315,2
156,20250322,2
157,20250315,2
157,20250322,2
157,20250329,2
157,20250405,2
157,20250412,2
157,20250419,2
157,20250420,2
157,20250421,1
157,20250426,2
157,20250501,1
157,20250503,2
157,20250508,1
157,20250510,2
157,20250517,2
157,20250524,2
158,20250315,2
158,20250322,2
158,20250329,2
159,20250315,2
159,20250322,2
159,20250329,2
159,20250405,2
159,20250412,2
159,20250419,2
159,20250420,2
159,20250421,1
159,20250426,2
159,20250503,2
159,20250510,2
159,20250517,2
159,20250524,2
160,20250315,2
160,20250316,2
160,20250322,2
160,20250329,2
160,20250405,2
160,20250412,2
160,20250419,2
160,20250420,2
160,20250421,1
160,20250426,2
160,20250501,1
160,20250503,2
160,20250508,1
160,20250510,2
160,20250517,2
160,20250524,2
161,20250315,2
162,20250315,2
162,20250322,2
162,20250329,2
162,20250405,2
162,20250412,2
162,20250421,1
162,20250426,2
162,20250501,1
162,20250503,2
162,20250508,1
162,20250510,2
162,20250517,2
162,20250524,2
162,20250531,2
162,20250607,2
162,20250614,2
162,20250621,2
162,20250628,2
163,20250315,2
163,20250316,2
163,20250322,2
163,20250329,2
163,20250405,2
163,20250412,2
163,20250421,1
163,20250426,2
163,20250503,2
163,20250510,2
163,20250517,2
163,20250524,2
163,20250531,2
163,20250607,2
163,20250614,2
163,20250621,2
163,20250628,2
164,20250315,2
164,20250316,2
164,20250322,2
164,20250323,2
164,20250329,2
164,20250405,2
164,20250412,2
164,20250419,2
164,20250420,2
164,20250421,1
164,20250426,2
164,20250501,1
164,20250503,2
164,20250508,1
164,20250510,2
164,20250517,2
164,20250524,2
164,20250531,2
164,20250607,2
164,20250614,2
164,20250621,2
164,20250628,2
165,20250315,2
165,20250316,2
165,20250322,2
165,20250323,2
165,20250329,2
165,20250405,2
165,20250412,2
165,20250421,1
165,20250426,2
165,20250503,2
165,20250510,2
165,20250517,2
165,20250524,2
165,20250531,2
165,20250607,2
165,20250614,2
165,20250621,2
165,20250628,2
166,20250315,2
166,20250322,2
166,20250329,2
166,20250330,2
166,20250405,2
166,20250412,2
166,20250421,1
166,20250426,2
166,20250501,1
166,20250503,2
166,20250508,1
166,20250510,2
166,20250517,2
166,20250524,2
166,20250531,2
166,20250607,2
166,20250614,2
166,20250621,2
166,20250628,2
167,20250315,2
167,20250322,2
167,20250329,2
167,20250330,2
167,20250405,2
167,20250412,2
167,20250419,2
167,20250420,2
167,20250421,1
167,20250426,2
167,20250501,1
167,20250503,2
167,20250508,1
167,20250510,2
167,20250517,2
167,20250524,2
167,20250531,2
167,20250607,2
167,20250614,2
167,20250621,2
167,20250628,2
168,20250315,2
168,20250322,2
168,20250329,2
168,20250405,2
168,20250412,2
168,20250419,2
168,20250421,1
168,20250426,2
168,20250501,1
168,20250503,2
168,20250508,1
168,20250510,2
168,20250517,2
168,20250524,2
168,20250531,2
168,20250607,2
168,20250614,2
168,20250621,2
168,20250628,2
169,20250315,2
169,20250322,2
169,20250329,2
169,20250330,2
169,20250405,2
169,20250406,2
169,20250412,2
169,20250419,2
169,20250420,2
169,20250421,1
169,20250426,2
169,20250501,1
169,20250503,2
169,20250508,1
169,20250510,2
169,20250517,2
169,20250524,2
170,20250418,1
170,20250421,1
170,20250501,1
170,20250508,1
171,20250315,2
171,20250322,2
171,20250329,2
171,20250405,2
171,20250412,2
171,20250419,2
171,20250426,2
171,20250503,2
171,20250510,2
171,20250517,2
171,20250524,2
171,20250531,2
171,20250607,2
171,20250614,2
171,20250621,2
171,20250628,2
172,20250315,2
172,20250322,2
172,20250329,2
172,20250405,2
172,20250412,2
172,20250419,2
172,20250421,1
172,20250426,2
172,20250503,2
172,20250510,2
172,20250517,2
172,20250524,2
172,20250531,2
172,20250607,2
172,20250614,2
172,20250621,2
172,20250628,2
173,20250315,2
173,20250322,2
174,20250315,2
174,20250322,2
174,20250329,2
174,20250405,2
174,20250406,2
174,20250412,2
174,20250413,2
174,20250419,2
174,20250420,2
174,20250426,2
174,20250427,2
174,20250503,2
174,20250504,2
174,20250510,2
174,20250511,2
174,20250517,2
174,20250518,2
174,20250524,2
174,20250525,2
174,20250531,2
174,20250607,2
174,20250614,2
174,20250621,2
174,20250628,2
175,20250315,2
175,20250322,2
175,20250329,2
175,20250405,2
175,20250412,2
175,20250419,2
175,20250420,2
175,20250426,2
175,20250503,2
175,20250510,2
175,20250517,2
175,20250524,2
175,20250531,2
175,20250607,2
175,20250614,2
175,20250621,2
175,20250628,2
176,20250315,2
176,20250322,2
176,20250329,2
176,20250405,2
176,20250412,2
176,20250418,1
176,20250421,1
176,20250426,2
176,20250501,1
176,20250508,1
176,20250510,2
176,20250517,2
176,20250524,2
176,20250531,2
176,20250607,2
176,20250614,2
176,20250621,2
176,20250628,2
178,20250315,2
178,20250322,2
178,20250329,2
178,20250405,2
178,20250412,2
178,20250413,2
178,20250419,2
178,20250420,2
178,20250426,2
178,20250503,2
178,20250510,2
178,20250517,2
178,20250524,2
178,20250531,2
178,20250607,2
178,20250614,2
178,20250621,2
179,20250315,2
179,20250322,2
179,20250329,2
179,20250405,2
179,20250412,2
179,20250418,1
179,20250419,2
179,20250421,1
179,20250426,2
179,20250501,1
179,20250503,2
179,20250508,1
179,20250510,2
179,20250517,2
179,20250524,2
179,20250531,2
179,20250607,2
179,20250614,2
179,20250621,2
179,20250628,2
180,20250315,2
180,20250322,2
180,20250329,2
180,20250405,2
180,20250412,2
181,20250418,2
181,20250421,2
185,20250317,2
185,20250318,2
185,20250319,2
185,20250320,2
185,20250321,2
185,20250324,2
185,20250325,2
185,20250326,2
185,20250327,2
185,20250331,2
185,20250401,2
185,20250402,2
186,20250311,2
186,20250312,2
186,20250313,2
186,20250314,2
186,20250317,2
186,20250318,2
186,20250319,2
186,20250320,2
186,20250321,2
186,20250324,2
186,20250325,2
186,20250326,2
186,20250327,2
186,20250331,2
186,20250401,2
186,20250402,2
187,20250324,2
187,20250325,2
187,20250326,2
187,20250327,2
187,20250328,2
187,20250418,2
187,20250421,2
187,20250501,2
187,20250508,2
188,20250418,2
188,20250421,2
188,20250501,2
188,20250508,2
189,20250418,2
189,20250421,2
189,20250501,2
189,20250508,2
190,20250417,2
190,20250418,2
190,20250421,2
190,20250501,2
190,20250508,2
191,20250417,2
191,20250418,2
191,20250421,2
191,20250501,2
191,20250508,2
192,20250417,2
192,20250418,2
192,20250421,2
193,20250417,2
193,20250418,2
193,20250421,2
193,20250501,2
194,20250418,2
194,20250421,2
194,20250501,2
199,20250314,2
199,20250321,2
199,20250328,2
199,20250404,2
199,20250411,2
199,20250417,2
199,20250418,2
199,20250421,2
199,20250425,2
199,20250430,2
199,20250501,2
199,20250502,2
199,20250507,2
199,20250508,2
199,20250509,2
199,20250516,2
199,20250523,2
199,20250530,2
199,20250606,2
199,20250613,2
199,20250620,2
200,20250418,2
200,20250421,2
200,20250501,2
200,20250508,2
201,20250317,2
201,20250318,2
201,20250319,2
201,20250320,2
201,20250324,2
201,20250325,2
201,20250326,2
201,20250327,2
201,20250331,2
201,20250401,2
201,20250402,2
201,20250403,2
201,20250407,2
201,20250408,2
201,20250409,2
201,20250410,2
201,20250414,2
201,20250415,2
201,20250416,2
201,20250418,2
201,20250421,2
201,20250422,2
201,20250423,2
201,20250424,2
201,20250428,2
201,20250429,2
201,20250501,2
201,20250505,2
201,20250506,2
201,20250508,2
201,20250512,2
201,20250513,2
201,20250514,2
201,20250515,2
201,20250519,2
201,20250520,2
201,20250521,2
201,20250522,2
201,20250526,2
201,20250527,2
201,20250528,2
201,20250529,2
201,20250602,2
201,20250603,2
201,20250604,2
201,20250605,2
201,20250609,2
201,20250610,2
201,20250611,2
201,20250612,2
201,20250616,2
201,20250617,2
201,20250618,2
201,20250619,2
201,20250623,2
201,20250624,2
201,20250625,2
201,20250626,2
205,20250317,2
205,20250318,2
205,20250319,2
205,20250320,2
205,20250321,2
205,20250324,2
205,20250325,2
205,20250326,2
205,20250327,2
206,20250317,2
206,20250318,2
206,20250319,2
206,20250320,2
206,20250321,2
206,20250324,2
206,20250325,2
206,20250326,2
206,20250327,2
206,20250331,2
206,20250401,2
206,20250402,2
208,20250316,2
211,20250316,2
211,20250323,2
211,20250330,2
211,20250406,2
211,20250413,2
211,20250418,1
211,20250419,2
211,20250420,2
211,20250427,2
211,20250501,1
211,20250504,2
211,20250508,1
211,20250511,2
211,20250518,2
211,20250525,2
211,20250601,2
211,20250608,2
211,20250615,2
211,20250622,2
212,20250316,2
212,20250323,2
212,20250330,2
212,20250406,2
212,20250413,2
212,20250427,2
212,20250504,2
212,20250511,2
212,20250518,2
212,20250525,2
212,20250601,2
212,20250608,2
212,20250615,2
212,20250622,2
215,20250316,2
215,20250323,2
215,20250330,2
215,20250406,2
215,20250413,2
215,20250420,2
215,20250427,2
215,20250504,2
215,20250511,2
215,20250518,2
215,20250525,2
215,20250601,2
215,20250608,2
215,20250615,2
215,20250622,2
216,20250316,2
216,20250323,2
216,20250330,2
216,20250406,2
216,20250413,2
216,20250419,2
216,20250420,2
219,20250316,2
219,20250323,2
219,20250330,2
219,20250406,2
219,20250413,2
220,20250418,1
220,20250421,1
221,20250322,2
223,20250322,2
223,20250329,2
223,20250405,2
223,20250412,2
223,20250419,2
223,20250420,2
223,20250426,2
223,20250503,2
223,20250510,2
223,20250517,2
223,20250524,2
223,20250531,2
223,20250607,2
223,20250614,2
223,20250621,2
223,20250628,2
224,20250322,2
224,20250329,2
224,20250405,2
224,20250412,2
224,20250419,2
224,20250426,2
224,20250503,2
224,20250510,2
224,20250517,2
224,20250524,2
224,20250531,2
224,20250607,2
224,20250614,2
224,20250621,2
224,20250628,2
225,20250322,2
225,20250329,2
225,20250405,2
225,20250412,2
225,20250426,2
226,20250322,2
226,20250329,2
226,20250405,2
226,20250412,2
226,20250419,2
226,20250420,2
226,20250426,2
228,20250321,2
230,20250318,2
230,20250319,2
230,20250320,2
230,20250321,2
230,20250324,2
230,20250325,2
230,20250326,2
230,20250327,2
230,20250328,2
230,20250331,2
230,20250401,2
230,20250402,2
230,20250403,2
230,20250404,2
230,20250408,2
230,20250409,2
230,20250410,2
230,20250411,2
230,20250415,2
230,20250416,2
230,20250417,2
230,20250418,2
230,20250421,2
230,20250423,2
230,20250424,2
230,20250425,2
230,20250429,2
230,20250430,2
230,20250501,2
230,20250506,2
230,20250507,2
230,20250508,2
230,20250513,2
230,20250514,2
230,20250515,2
230,20250516,2
230,20250520,2
230,20250521,2
230,20250522,2
230,20250523,2
230,20250527,2
230,20250528,2
230,20250529,2
230,20250530,2
230,20250603,2
230,20250604,2
230,20250605,2
230,20250606,2
230,20250610,2
230,20250611,2
230,20250612,2
230,20250613,2
230,20250617,2
230,20250618,2
230,20250619,2
230,20250620,2
230,20250624,2
230,20250625,2
230,20250626,2
230,20250627,2
232,20250418,2
232,20250421,2
232,20250501,2
232,20250508,2
233,20250417,2
233,20250418,2
233,20250421,2
233,20250501,2
233,20250508,2
234,20250418,2
234,20250421,2
234,20250501,2
234,20250508,2
236,20250417,2
236,20250418,2
236,20250421,2
236,20250501,2
236,20250508,2
238,20250418,2
238,20250421,2
238,20250501,2
238,20250508,2
240,20250418,2
240,20250421,2
240,20250501,2
240,20250508,2
242,20250323,2
243,20250418,1
243,20250421,1
243,20250501,1
243,20250508,1
244,20250418,1
244,20250421,1
244,20250501,1
244,20250508,1
245,20250323,2
245,20250330,2
245,20250406,2
245,20250413,2
245,20250418,1
245,20250427,2
245,20250504,2
245,20250511,2
245,20250518,2
245,20250525,2
245,20250601,2
245,20250608,2
245,20250615,2
245,20250622,2
247,20250329,2
247,20250405,2
247,20250412,2
247,20250419,2
247,20250420,2
247,20250421,1
247,20250426,2
247,20250503,2
247,20250510,2
247,20250517,2
247,20250524,2
247,20250531,2
247,20250607,2
247,20250614,2
247,20250621,2
247,20250628,2
248,20250329,2
248,20250405,2
248,20250412,2
248,20250419,2
248,20250420,2
248,20250421,1
248,20250426,2
248,20250501,1
248,20250503,2
248,20250508,1
248,20250510,2
248,20250517,2
248,20250524,2
248,20250531,2
248,20250607,2
248,20250614,2
248,20250621,2
248,20250628,2
249,20250418,1
249,20250421,1
249,20250501,1
249,20250508,1
253,20250417,2
253,20250418,2
253,20250421,2
253,20250501,2
253,20250502,2
253,20250508,2
253,20250509,2
254,20250417,2
254,20250418,2
254,20250421,2
254,20250501,2
254,20250508,2
255,20250418,2
255,20250421,2
255,20250501,2
255,20250508,2
258,20250328,2
258,20250404,2
260,20250326,2
260,20250327,2
260,20250328,2
260,20250331,2
260,20250401,2
260,20250402,2
260,20250403,2
260,20250404,2
262,20250328,2
262,20250331,2
262,20250401,2
262,20250402,2
262,20250403,2
263,20250328,2
263,20250331,2
263,20250401,2
263,20250402,2
264,20250328,2
264,20250331,2
264,20250401,2
264,20250402,2
264,20250403,2
266,20250328,2
266,20250331,2
266,20250401,2
266,20250402,2
266,20250403,2
267,20250331,2
267,20250401,2
267,20250402,2
267,20250403,2
269,20250331,2
269,20250401,2
269,20250402,2
270,20250331,2
270,20250401,2
270,20250402,2
270,20250403,2
271,20250418,2
271,20250421,2
271,20250501,2
271,20250508,2
273,20250331,2
273,20250401,2
273,20250402,2
273,20250403,2
273,20250407,2
273,20250408,2
273,20250409,2
273,20250410,2
273,20250414,2
273,20250415,2
273,20250416,2
273,20250418,2
273,20250421,2
273,20250422,2
273,20250423,2
273,20250424,2
273,20250428,2
273,20250429,2
273,20250501,2
273,20250505,2
273,20250506,2
273,20250508,2
273,20250512,2
273,20250513,2
273,20250514,2
273,20250515,2
273,20250519,2
273,20250520,2
273,20250521,2
273,20250522,2
273,20250526,2
273,20250527,2
273,20250528,2
273,20250529,2
273,20250602,2
273,20250603,2
273,20250604,2
273,20250605,2
273,20250609,2
273,20250610,2
273,20250611,2
273,20250612,2
273,20250616,2
273,20250617,2
273,20250618,2
273,20250619,2
273,20250623,2
273,20250624,2
273,20250625,2
273,20250626,2
274,20250331,2
274,20250401,2
274,20250402,2
277,20250418,1
277,20250421,1
277,20250501,1
277,20250508,1
278,20250330,2
282,20250330,2
282,20250406,2
282,20250413,2
282,20250418,1
282,20250427,2
282,20250504,2
282,20250511,2
282,20250518,2
282,20250525,2
282,20250601,2
282,20250608,2
282,20250615,2
282,20250622,2
283,20250330,2
283,20250406,2
283,20250413,2
283,20250418,1
283,20250419,2
283,20250420,2
283,20250427,2
283,20250501,1
283,20250504,2
283,20250508,1
283,20250511,2
283,20250518,2
283,20250525,2
283,20250601,2
283,20250608,2
283,20250615,2
283,20250622,2
284,20250330,2
284,20250406,2
284,20250413,2
284,20250418,1
284,20250427,2
284,20250501,1
284,20250504,2
284,20250508,1
284,20250511,2
284,20250518,2
284,20250525,2
284,20250601,2
284,20250608,2
284,20250615,2
284,20250622,2
285,20250330,2
285,20250406,2
285,20250413,2
285,20250418,1
285,20250420,2
285,20250427,2
285,20250501,1
285,20250504,2
285,20250508,1
285,20250511,2
285,20250518,2
285,20250525,2
285,20250601,2
285,20250608,2
285,20250615,2
285,20250622,2
286,20250405,2
286,20250406,2
286,20250412,2
286,20250413,2
286,20250419,2
286,20250420,2
286,20250426,2
286,20250427,2
286,20250503,2
286,20250504,2
286,20250510,2
286,20250511,2
286,20250517,2
286,20250518,2
286,20250524,2
286,20250525,2
286,20250531,2
287,20250418,1
287,20250421,1
287,20250501,1
287,20250508,1
288,20250418,1
288,20250421,1
289,20250418,1
289,20250421,1
289,20250501,1
289,20250508,1
290,20250418,1
290,20250421,1
290,20250501,1
290,20250508,1
291,20250405,2
293,20250405,2
293,20250412,2
293,20250419,2
293,20250420,2
293,20250421,1
293,20250426,2
293,20250501,1
293,20250503,2
293,20250508,1
293,20250510,2
293,20250517,2
293,20250524,2
293,20250531,2
293,20250607,2
293,20250614,2
293,20250621,2
293,20250628,2
294,20250405,2
294,20250412,2
294,20250419,2
294,20250420,2
294,20250421,1
294,20250426,2
294,20250503,2
294,20250510,2
294,20250517,2
294,20250524,2
294,20250531,2
294,20250607,2
294,20250614,2
294,20250621,2
294,20250628,2
295,20250405,2
295,20250412,2
295,20250419,2
295,20250421,1
295,20250426,2
295,20250503,2
295,20250510,2
295,20250517,2
295,20250524,2
295,20250531,2
295,20250607,2
295,20250614,2
295,20250621,2
295,20250628,2
296,20250405,2
296,20250412,2
296,20250421,1
296,20250426,2
296,20250503,2
296,20250510,2
296,20250517,2
296,20250524,2
296,20250531,2
296,20250607,2
296,20250614,2
296,20250621,2
296,20250628,2
297,20250418,2
297,20250421,2
297,20250501,2
297,20250508,2
299,20250417,2
299,20250418,2
299,20250421,2
299,20250501,2
299,20250508,2
300,20250418,2
300,20250421,2
300,20250501,2
300,20250508,2
301,20250418,2
301,20250421,2
302,20250418,2
302,20250421,2
302,20250501,2
302,20250508,2
303,20250404,2
303,20250411,2
303,20250417,2
303,20250418,2
303,20250421,2
303,20250425,2
303,20250430,2
303,20250501,2
303,20250502,2
303,20250507,2
303,20250508,2
303,20250509,2
303,20250516,2
303,20250523,2
304,20250407,2
304,20250414,2
304,20250418,2
304,20250421,2
304,20250422,2
304,20250428,2
304,20250501,2
304,20250502,2
304,20250505,2
304,20250508,2
304,20250509,2
304,20250512,2
304,20250519,2
304,20250526,2
305,20250418,2
305,20250421,2
305,20250501,2
305,20250508,2
306,20250417,2
306,20250418,2
306,20250421,2
306,20250501,2
306,20250508,2
307,20250418,2
307,20250421,2
307,20250501,2
307,20250508,2
309,20250407,2
309,20250408,2
309,20250409,2
309,20250410,2
309,20250414,2
309,20250415,2
309,20250416,2
309,20250418,2
309,20250421,2
309,20250422,2
309,20250423,2
309,20250424,2
309,20250428,2
309,20250429,2
309,20250501,2
309,20250505,2
309,20250506,2
309,20250508,2
309,20250512,2
309,20250513,2
309,20250514,2
309,20250515,2
309,20250519,2
309,20250520,2
309,20250521,2
309,20250522,2
309,20250526,2
309,20250527,2
309,20250528,2
309,20250529,2
311,20250418,1
311,20250421,1
311,20250501,1
311,20250508,1
312,20250406,2
312,20250413,2
312,20250418,1
312,20250427,2
312,20250504,2
312,20250511,2
312,20250518,2
312,20250525,2
313,20250406,2
313,20250413,2
313,20250418,1
313,20250419,2
313,20250420,2
313,20250427,2
313,20250501,1
313,20250504,2
313,20250508,1
313,20250511,2
313,20250518,2
313,20250525,2
316,20250418,1
316,20250421,1
317,20250418,1
317,20250421,1
317,20250501,1
317,20250508,1
319,20250406,2
319,20250413,2
319,20250420,2
319,20250427,2
319,20250504,2
319,20250511,2
319,20250518,2
319,20250525,2
320,20250406,2
320,20250413,2
320,20250418,1
320,20250427,2
320,20250504,2
320,20250511,2
320,20250518,2
320,20250525,2
320,20250601,2
320,20250608,2
320,20250615,2
320,20250622,2
321,20250406,2
321,20250413,2
321,20250418,1
321,20250419,2
321,20250420,2
321,20250427,2
321,20250504,2
321,20250511,2
321,20250518,2
321,20250525,2
321,20250601,2
321,20250608,2
321,20250615,2
321,20250622,2
322,20250412,2
322,20250419,2
322,20250420,2
322,20250421,1
322,20250426,2
322,20250501,1
322,20250503,2
322,20250508,1
322,20250510,2
322,20250517,2
322,20250524,2
323,20250412,2
323,20250421,1
323,20250426,2
323,20250503,2
323,20250510,2
323,20250517,2
323,20250524,2
325,20250412,2
325,20250419,2
325,20250426,2
325,20250503,2
325,20250510,2
325,20250517,2
325,20250524,2
326,20250412,2
326,20250419,2
326,20250420,2
326,20250421,1
326,20250426,2
326,20250501,1
326,20250503,2
326,20250508,1
326,20250510,2
326,20250517,2
326,20250524,2
326,20250531,2
326,20250607,2
326,20250614,2
326,20250621,2
326,20250628,2
327,20250412,2
327,20250419,2
327,20250420,2
327,20250421,1
327,20250426,2
327,20250503,2
327,20250510,2
327,20250517,2
327,20250524,2
327,20250531,2
327,20250607,2
327,20250614,2
327,20250621,2
327,20250628,2
329,20250408,2
329,20250409,2
329,20250410,2
329,20250411,2
329,20250415,2
329,20250416,2
329,20250417,2
329,20250418,2
329,20250421,2
329,20250423,2
329,20250424,2
329,20250425,2
329,20250429,2
329,20250430,2
329,20250501,2
329,20250506,2
329,20250507,2
329,20250508,2
329,20250513,2
329,20250514,2
329,20250515,2
329,20250516,2
329,20250520,2
329,20250521,2
329,20250522,2
329,20250523,2
330,20250418,1
330,20250421,1
330,20250501,1
330,20250508,1
331,20250413,2
331,20250418,1
331,20250427,2
331,20250501,1
331,20250504,2
331,20250508,1
331,20250511,2
331,20250518,2
331,20250525,2
332,20250413,2
332,20250418,1
332,20250427,2
332,20250504,2
332,20250511,2
332,20250518,2
332,20250525,2
333,20250417,2
333,20250418,2
333,20250421,2
333,20250425,2
333,20250430,2
333,20250501,2
333,20250502,2
333,20250507,2
333,20250508,2
333,20250509,2
333,20250516,2
333,20250523,2
333,20250530,2
333,20250606,2
333,20250613,2
333,20250620,2
334,20250418,2
334,20250421,2
334,20250422,2
334,20250423,2
334,20250424,2
334,20250425,2
334,20250428,2
334,20250429,2
334,20250430,2
334,20250501,2
334,20250502,2
334,20250505,2
334,20250506,2
334,20250507,2
334,20250508,2
334,20250509,2
334,20250512,2
334,20250513,2
334,20250514,2
334,20250515,2
334,20250516,2
334,20250519,2
334,20250520,2
334,20250521,2
334,20250522,2
334,20250523,2
334,20250526,2
334,20250527,2
334,20250528,2
334,20250529,2
334,20250530,2
334,20250602,2
334,20250603,2
334,20250604,2
334,20250605,2
334,20250606,2
334,20250609,2
334,20250610,2
334,20250611,2
334,20250612,2
334,20250613,2
334,20250616,2
334,20250617,2
334,20250618,2
334,20250619,2
334,20250620,2
334,20250623,2
334,20250624,2
334,20250625,2
334,20250626,2
334,20250627,2
336,20250418,2
336,20250421,2
336,20250422,2
336,20250423,2
336,20250424,2
336,20250425,2
336,20250428,2
336,20250429,2
336,20250430,2
336,20250501,2
336,20250505,2
336,20250506,2
336,20250507,2
336,20250508,2
336,20250512,2
336,20250513,2
336,20250514,2
336,20250515,2
336,20250516,2
336,20250519,2
336,20250520,2
336,20250521,2
336,20250522,2
336,20250523,2
336,20250526,2
336,20250527,2
336,20250528,2
336,20250529,2
336,20250530,2
336,20250602,2
336,20250603,2
336,20250604,2
336,20250605,2
336,20250606,2
336,20250609,2
336,20250610,2
336,20250611,2
336,20250612,2
336,20250613,2
336,20250616,2
336,20250617,2
336,20250618,2
336,20250619,2
336,20250620,2
336,20250623,2
336,20250624,2
336,20250625,2
336,20250626,2
336,20250627,2
337,20250418,1
337,20250419,2
337,20250420,2
337,20250421,1
337,20250426,2
337,20250427,2
337,20250501,1
337,20250503,2
337,20250504,2
337,20250508,1
338,20250418,1
338,20250419,2
338,20250420,2
338,20250426,2
338,20250427,2
338,20250503,2
338,20250504,2
338,20250508,1
339,20250418,1
339,20250419,2
339,20250420,2
339,20250426,2
339,20250427,2
339,20250501,1
339,20250503,2
339,20250504,2
339,20250508,1
340,20250418,1
340,20250419,2
340,20250420,2
340,20250421,1
341,20250418,1
341,20250419,2
341,20250420,2
341,20250421,1
341,20250426,2
341,20250427,2
341,20250501,1
342,20250418,1
342,20250419,2
342,20250420,2
342,20250426,2
342,20250427,2
342,20250501,1
342,20250504,2
342,20250508,1
343,20250418,1
343,20250426,2
343,20250427,2
344,20250418,1
345,20250418,1
345,20250427,2
345,20250504,2
345,20250511,2
345,20250518,2
345,20250525,2
345,20250601,2
345,20250608,2
345,20250615,2
345,20250622,2
346,20250426,2
346,20250427,2
346,20250501,1
346,20250503,2
346,20250504,2
346,20250508,1
350,20250421,1
351,20250421,1
351,20250426,2
351,20250427,2
351,20250501,1
351,20250503,2
351,20250504,2
351,20250508,1
352,20250421,1
352,20250426,2
352,20250427,2
352,20250503,2
352,20250504,2
352,20250508,1
352,20250510,2
352,20250511,2
352,20250517,2
352,20250518,2
352,20250524,2
352,20250525,2
352,20250531,2
352,20250601,2
352,20250607,2
352,20250608,2
352,20250614,2
352,20250615,2
352,20250621,2
352,20250622,2
353,20250421,1
353,20250426,2
353,20250501,1
353,20250503,2
353,20250508,1
353,20250510,2
353,20250517,2
353,20250524,2
353,20250531,2
353,20250607,2
353,20250614,2
353,20250621,2
353,20250628,2
354,20250501,2
354,20250508,2
355,20250501,2
355,20250508,2
356,20250428,2
356,20250429,2
356,20250430,2
356,20250501,2
356,20250505,2
356,20250506,2
356,20250507,2
356,20250508,2
356,20250512,2
356,20250513,2
356,20250514,2
356,20250515,2
356,20250519,2
356,20250520,2
356,20250521,2
356,20250522,2
356,20250526,2
356,20250527,2
356,20250528,2
356,20250529,2
356,20250602,2
356,20250603,2
356,20250604,2
356,20250605,2
356,20250609,2
356,20250610,2
356,20250611,2
356,20250612,2
356,20250616,2
356,20250617,2
356,20250618,2
356,20250619,2
356,20250623,2
356,20250624,2
356,20250625,2
356,20250626,2
358,20250427,2
358,20250503,2
358,20250504,2
358,20250511,2
358,20250518,2
358,20250525,2
358,20250601,2
358,20250608,2
358,20250615,2
358,20250622,2
359,20250501,2
359,20250502,2
359,20250505,2
359,20250506,2
360,20250501,1
360,20250503,2
360,20250504,2
360,20250508,1
361,20250501,1
361,20250508,1
362,20250501,1
362,20250508,1
362,20250628,2
363,20250508,2
365,20250505,2
365,20250506,2
365,20250507,2
365,20250508,2
365,20250512,2
365,20250513,2
365,20250514,2
365,20250515,2
365,20250519,2
365,20250520,2
365,20250521,2
365,20250522,2
365,20250526,2
365,20250527,2
365,20250528,2
365,20250529,2
365,20250602,2
365,20250603,2
365,20250604,2
365,20250605,2
365,20250609,2
365,20250610,2
365,20250611,2
365,20250612,2
365,20250616,2
365,20250617,2
365,20250618,2
365,20250619,2
365,20250623,2
365,20250624,2
365,20250625,2
365,20250626,2
366,20250508,2
367,20250504,2
367,20250511,2
367,20250518,2
367,20250525,2
367,20250601,2
367,20250608,2
369,20250504,2
369,20250511,2
369,20250518,2
369,20250525,2
369,20250601,2
369,20250608,2
369,20250615,2
369,20250622,2
370,20250508,1
371,20250510,2
371,20250517,2
371,20250524,2
371,20250531,2
371,20250607,2
372,20250510,2
372,20250517,2
372,20250524,2
372,20250531,2
372,20250607,2
372,20250614,2
372,20250621,2
373,20250510,2
373,20250517,2
373,20250524,2
373,20250531,2
373,20250607,2
373,20250614,2
373,20250621,2
373,20250628,2
374,20250508,2
375,20250508,2
376,20250508,2
376,20250603,2
376,20250605,2
376,20250610,2
376,20250612,2
376,20250617,2
376,20250619,2
376,20250624,2
376,20250626,2
377,20250508,2
377,20250509,2
377,20250516,2
377,20250523,2
377,20250530,2
377,20250606,2
377,20250613,2
377,20250620,2
378,20250508,1
380,20250607,2
380,20250614,2
380,20250621,2
380,20250628,2
383,20250606,2
383,20250613,2
383,20250620,2
383,20250627,2
384,20250606,2
384,20250613,2
384,20250620,2
385,20250603,2
385,20250604,2
385,20250605,2
385,20250606,2
385,20250610,2
385,20250611,2
385,20250612,2
385,20250613,2
385,20250617,2
385,20250618,2
385,20250619,2
385,20250620,2
386,20250609,2
386,20250616,2
386,20250623,2
387,20250604,2
387,20250606,2
387,20250609,2
387,20250611,2
387,20250613,2
387,20250616,2
387,20250618,2
387,20250620,2
387,20250623,2
387,20250625,2
388,20250609,2
388,20250610,2
388,20250611,2
388,20250616,2
388,20250617,2
388,20250618,2
388,20250623,2
388,20250624,2
388,20250625,2
389,20250609,2
389,20250610,2
389,20250611,2
389,20250612,2
389,20250616,2
389,20250617,2
389,20250618,2
389,20250619,2
389,20250623,2
389,20250624,2
389,20250625,2
389,20250626,2
390,20250608,2
390,20250615,2
390,20250622,2
391,20250621,2
391,20250628,2
394,20250622,2
402,20250419,2
402,20250422,2
402,20250502,2
402,20250509,2
405,20250417,2
405,20250420,2
405,20250430,2
405,20250507,2
408,20250417,2
408,20250420,2
408,20250430,2
408,20250507,2
409,20250420,1
419,20250417,1
419,20250420,1
419,20250430,1
419,20250507,1
421,20250315,2
421,20250321,2
422,20250316,2
422,20250322,2
423,20250420,2
426,20250316,2
427,20250315,2
427,20250322,2
427,20250329,2
427,20250405,2
427,20250412,2
427,20250419,2
427,20250420,2
427,20250421,1
427,20250426,2
427,20250503,2
427,20250510,2
427,20250517,2
435,20250418,2
435,20250421,2
435,20250501,2
435,20250508,2
445,20250418,2
445,20250421,2
445,20250501,2
445,20250508,2
446,20250419,2
446,20250422,2
446,20250502,2
446,20250509,2
447,20250418,2
447,20250421,2
447,20250501,2
447,20250508,2
448,20250417,2
448,20250418,2
448,20250421,2
448,20250501,2
448,20250502,2
448,20250508,2
448,20250509,2
449,20250418,2
449,20250421,2
449,20250501,2
450,20250419,2
450,20250422,2
450,20250502,2
451,20250417,2
451,20250420,2
451,20250430,2
451,20250507,2
452,20250330,2
452,20250406,2
452,20250417,2
452,20250420,2
452,20250421,2
452,20250427,2
452,20250430,2
452,20250504,2
452,20250507,2
452,20250608,2
452,20250615,2
452,20250622,2
453,20250331,2
453,20250407,2
453,20250418,2
453,20250421,2
453,20250422,2
453,20250428,2
453,20250501,2
453,20250505,2
453,20250508,2
453,20250609,2
453,20250616,2
453,20250623,2
455,20250412,2
455,20250413,2
455,20250510,2
455,20250511,2
455,20250517,2
455,20250518,2
455,20250524,2
455,20250525,2
455,20250531,2
455,20250601,2
456,20250413,2
456,20250414,2
456,20250511,2
456,20250512,2
456,20250518,2
456,20250519,2
456,20250525,2
456,20250526,2
456,20250601,2
456,20250602,2
458,20250420,1
460,20250417,1
460,20250420,1
460,20250430,1
460,20250507,1
461,20250411,2
461,20250412,2
461,20250509,2
461,20250510,2
461,20250516,2
461,20250517,2
461,20250523,2
461,20250524,2
461,20250530,2
461,20250531,2
462,20250329,2
462,20250405,2
462,20250418,2
462,20250419,2
462,20250426,2
462,20250503,2
462,20250607,2
462,20250614,2
462,20250621,2
463,20250330,2
463,20250406,2
463,20250419,2
463,20250420,2
463,20250427,2
463,20250504,2
463,20250608,2
463,20250615,2
463,20250622,2
464,20250420,2
465,20250404,2
465,20250411,2
465,20250412,2
465,20250425,2
465,20250502,2
465,20250509,2
465,20250510,2
465,20250516,2
465,20250517,2
465,20250523,2
465,20250524,2
465,20250530,2
465,20250531,2
465,20250606,2
465,20250613,2
465,20250620,2
465,20250627,2
466,20250405,2
466,20250412,2
466,20250413,2
466,20250426,2
466,20250503,2
466,20250510,2
466,20250511,2
466,20250517,2
466,20250518,2
466,20250524,2
466,20250525,2
466,20250531,2
466,20250601,2
466,20250607,2
466,20250614,2
466,20250621,2
466,20250628,2
467,20250331,2
467,20250401,2
467,20250402,2
467,20250403,2
467,20250407,2
467,20250408,2
467,20250409,2
467,20250410,2
467,20250413,2
467,20250414,2
467,20250415,2
467,20250416,2
467,20250417,2
467,20250420,2
467,20250422,2
467,20250423,2
467,20250424,2
467,20250428,2
467,20250429,2
467,20250430,2
467,20250501,2
467,20250505,2
467,20250506,2
467,20250507,2
467,20250508,2
467,20250511,2
467,20250512,2
467,20250513,2
467,20250514,2
467,20250515,2
467,20250518,2
467,20250519,2
467,20250520,2
467,20250521,2
467,20250522,2
467,20250525,2
467,20250526,2
467,20250527,2
467,20250528,2
467,20250529,2
467,20250601,2
467,20250602,2
467,20250603,2
467,20250604,2
467,20250605,2
467,20250609,2
467,20250610,2
467,20250611,2
467,20250612,2
467,20250616,2
467,20250617,2
467,20250618,2
467,20250619,2
467,20250623,2
467,20250624,2
467,20250625,2
467,20250626,2
468,20250401,2
468,20250402,2
468,20250403,2
468,20250404,2
468,20250408,2
468,20250409,2
468,20250410,2
468,20250411,2
468,20250414,2
468,20250415,2
468,20250416,2
468,20250417,2
468,20250418,2
468,20250421,2
468,20250423,2
468,20250424,2
468,20250425,2
468,20250429,2
468,20250430,2
468,20250501,2
468,20250502,2
468,20250506,2
468,20250507,2
468,20250508,2
468,20250509,2
468,20250512,2
468,20250513,2
468,20250514,2
468,20250515,2
468,20250516,2
468,20250519,2
468,20250520,2
468,20250521,2
468,20250522,2
468,20250523,2
468,20250526,2
468,20250527,2
468,20250528,2
468,20250529,2
468,20250530,2
468,20250602,2
468,20250603,2
468,20250604,2
468,20250605,2
468,20250606,2
468,20250610,2
468,20250611,2
468,20250612,2
468,20250613,2
468,20250617,2
468,20250618,2
468,20250619,2
468,20250620,2
468,20250624,2
468,20250625,2
468,20250626,2
468,20250627,2
469,20250419,2
469,20250420,2
469,20250426,2
469,20250427,2
469,20250503,2
469,20250504,2
470,20250420,2
470,20250421,2
470,20250427,2
470,20250428,2
470,20250504,2
470,20250505,2
471,20250418,2
471,20250419,2
471,20250425,2
471,20250426,2
471,20250502,2
471,20250503,2
472,20250418,1
472,20250419,2
472,20250426,2
472,20250501,1
472,20250503,2
472,20250508,1
473,20250419,1
473,20250420,2
473,20250421,2
473,20250422,1
474,20250419,1
474,20250420,2
474,20250421,2
474,20250422,1
474,20250427,2
474,20250428,2
474,20250502,1
474,20250504,2
474,20250505,2
474,20250509,1
475,20250417,1
475,20250418,2
475,20250419,2
475,20250420,1
475,20250425,2
475,20250426,2
475,20250430,1
475,20250502,2
475,20250503,2
475,20250507,1
476,20250417,1
476,20250418,2
476,20250419,2
476,20250420,1
477,20250417,1
477,20250418,2
477,20250419,2
477,20250425,2
477,20250426,2
477,20250430,1
477,20250502,2
477,20250503,2
477,20250507,1
478,20250421,1
479,20250420,1
480,20250502,1
480,20250504,2
480,20250505,2
480,20250509,1
481,20250430,1
481,20250502,2
481,20250503,2
481,20250507,1
482,20250505,2
482,20250506,2
482,20250507,2
482,20250508,2
483,20250509,2
